source_path,destination_key,byte_size,content_hash
Custom/narvi/photo_2022-01-22_16-45-07 (2).jpg,legacy/v1-bucket/db/db353892891436947575df6be2a3755e.jpg,22822,db353892891436947575df6be2a3755e
Custom/narvi/photo_2022-01-22_16-45-07 (3).jpg,legacy/v1-bucket/05/05dce8f0b7843aa15f6349f988b6f343.jpg,33074,05dce8f0b7843aa15f6349f988b6f343
Custom/narvi/photo_2022-01-22_16-45-07 (4).jpg,legacy/v1-bucket/ac/acf48ea82fdb70720db754e2fa062241.jpg,35610,acf48ea82fdb70720db754e2fa062241
Custom/narvi/photo_2022-01-22_16-45-07.jpg,legacy/v1-bucket/f1/f1d1df0ff3b0e75fbc80dee4841b54b0.jpg,34592,f1d1df0ff3b0e75fbc80dee4841b54b0
Custom/narvi/photo_2022-01-22_16-45-08 (2).jpg,legacy/v1-bucket/98/987c31a94709b85a42fbcf15cddaf6c2.jpg,48467,987c31a94709b85a42fbcf15cddaf6c2
Custom/narvi/photo_2022-01-22_16-45-08 (3).jpg,legacy/v1-bucket/12/128395d807e7970bf169c34996db3a14.jpg,54673,128395d807e7970bf169c34996db3a14
Custom/narvi/photo_2022-01-22_16-45-08.jpg,legacy/v1-bucket/78/785fd9a6aa96b866b60ee0a8bbf773c6.jpg,25690,785fd9a6aa96b866b60ee0a8bbf773c6
Custom/narvi/photo_2022-01-22_16-45-09.jpg,legacy/v1-bucket/26/26d041e7c0f90520fd0482601771e5e6.jpg,66907,26d041e7c0f90520fd0482601771e5e6
Custom/narvi/photo_2022-01-22_16-45-10 (2).jpg,legacy/v1-bucket/ca/ca03be84a114b54e8461364708af1fb7.jpg,86286,ca03be84a114b54e8461364708af1fb7
Custom/narvi/photo_2022-01-22_16-45-10 (3).jpg,legacy/v1-bucket/3a/3ae8dcf40f99fcf2a81f05e1f988630f.jpg,25282,3ae8dcf40f99fcf2a81f05e1f988630f
Custom/narvi/photo_2022-01-22_16-45-10.jpg,legacy/v1-bucket/e0/e0bc3d73d60b48fa6463052b163ecbba.jpg,60953,e0bc3d73d60b48fa6463052b163ecbba
Custom/narvi/photo_2022-01-22_16-45-11 (2).jpg,legacy/v1-bucket/25/2568a0a6db637e6513529f2b2428b016.jpg,8513,2568a0a6db637e6513529f2b2428b016
Custom/narvi/photo_2022-01-22_16-45-11.jpg,legacy/v1-bucket/6c/6cad51f9de0e11b8e68c9a37dbb71905.jpg,53658,6cad51f9de0e11b8e68c9a37dbb71905
Custom/narvi/photo_2022-01-22_16-45-13 (2).jpg,legacy/v1-bucket/8e/8e15a3026f7237ba7386bc41aa050b28.jpg,17874,8e15a3026f7237ba7386bc41aa050b28
Custom/narvi/photo_2022-01-22_16-45-13 (3).jpg,legacy/v1-bucket/9d/9d0818a00c88c31f02a196ad68541f11.jpg,43056,9d0818a00c88c31f02a196ad68541f11
Custom/narvi/photo_2022-01-22_16-45-13.jpg,legacy/v1-bucket/57/5798a41d464a0944a852ce4bf9754f88.jpg,62564,5798a41d464a0944a852ce4bf9754f88
Custom/narvi/photo_2022-01-22_16-45-14 (2).jpg,legacy/v1-bucket/b2/b2c72aa8cf7cacef0a12889045217e96.jpg,34366,b2c72aa8cf7cacef0a12889045217e96
Custom/narvi/photo_2022-01-22_16-45-14.jpg,legacy/v1-bucket/36/364c0ae8efa75a806d3833b2e94ee9fa.jpg,61892,364c0ae8efa75a806d3833b2e94ee9fa
Custom/narvi/photo_2022-01-22_16-45-15 (2).jpg,legacy/v1-bucket/aa/aae8e84977705e6877cd5bf283e52891.jpg,104093,aae8e84977705e6877cd5bf283e52891
Custom/narvi/photo_2022-01-22_16-45-15.jpg,legacy/v1-bucket/7f/7f0189d4b84ea41065895f451c4a7636.jpg,87431,7f0189d4b84ea41065895f451c4a7636
Custom/narvi/photo_2022-01-22_16-45-16 (2).jpg,legacy/v1-bucket/a6/a62f64980206f94178e69b51b84d3363.jpg,58896,a62f64980206f94178e69b51b84d3363
Custom/narvi/photo_2022-01-22_16-45-16.jpg,legacy/v1-bucket/df/df0875d62e95b8c502e814a41e3c9ae4.jpg,53343,df0875d62e95b8c502e814a41e3c9ae4
Custom/narvi/photo_2022-01-22_16-45-17.jpg,legacy/v1-bucket/2a/2ac373614ab55bbe287669b7559d0c01.jpg,59143,2ac373614ab55bbe287669b7559d0c01
Custom/narvi/photo_2022-01-22_16-45-19 (2).jpg,legacy/v1-bucket/30/30208796888fd14578263f391590afb2.jpg,11719,30208796888fd14578263f391590afb2
Custom/narvi/photo_2022-01-22_16-45-19.jpg,legacy/v1-bucket/58/58cf417154be460ad0b3c2866df992d7.jpg,85164,58cf417154be460ad0b3c2866df992d7
Custom/narvi/photo_2022-01-22_16-45-20.jpg,legacy/v1-bucket/a7/a7a1dad9eb217c21bb7bc5079814336e.jpg,91665,a7a1dad9eb217c21bb7bc5079814336e
